"group";"type";"answer";"description";"hints";"params"
"herb";"select_one";"[小青龍湯,香蘇散,麻杏石甘湯,參蘇飲,再造散,加減葳蕤湯,四君子湯,參苓白朮散,補中益氣湯,升陽益胃湯,益氣聰明湯,人參蛤蚧散,歸脾湯,補肺阿膠湯,八珍湯,炙甘草湯,白虎湯,竹葉石膏湯,瀉白散,理中丸,小建中湯,四逆湯,回陽救急湯,當歸四逆湯,小柴胡湯,逍遙散,四逆散,半夏瀉心湯,黃連湯,真人養臟湯,完帶湯,朱砂安神丸,柴胡疏肝散,厚朴溫中湯,蘇子降氣湯,旋覆代赭石湯,生化湯,桃仁承氣湯,小薊飲子,大定風珠,阿膠雞子黃湯,藿香正氣散,當歸拈痛湯,苓桂朮甘湯,實脾飲,羌活勝濕湯,二陳湯,溫膽湯,導痰湯,滌痰湯,葛根芩連湯,五積散]";"含有{name}的方？";;"{"name":"炙甘草"}"
"herb";"select_one";"[麻黃湯,荊防敗毒散,九味羌活湯,桂枝湯,銀翹散,桑菊飲,柴葛解肌湯,升麻葛根湯,人參敗毒散,調胃承氣湯,黃龍湯,溫脾湯,普濟消毒飲,龍膽瀉肝湯,瀉黃散,清骨散,排膿湯,蒿芩清膽湯,甘麥大棗湯,紫雪丹,定喘湯,橘皮竹茹湯,血府逐瘀湯,復元活血湯,溫經湯,黃土湯,川芎茶調散,大秦艽湯,消風散,鎮肝熄風湯,杏蘇散,清燥救肺湯,沙參麥冬湯,麥門冬湯,平胃散,防己黃耆湯,獨活寄生湯,清金化痰丸,海藻玉壺湯,苓甘五味薑辛湯,冷哮丸,半夏白朮天麻湯,定癇丸,止嗽丸,六一散,桂苓甘露飲,清暑益氣湯,健脾丸,枳實消痞丸,防風通聖散,布袋丸]";"含有{name}的方？";;"{"name":"甘草"}"
"herb";"select_one";"[荊防敗毒散,人參敗毒散,參蘇飲,四君子湯,參苓白朮散,升陽益胃湯,人參蛤蚧散,腎氣丸,六味地黃丸,八珍湯,地黃飲子,七寶美髯丹,回陽救急湯,逍遙散,酸棗仁湯,天王補心丹,暖肝煎,厚朴溫中湯,半夏厚朴湯,桂枝茯苓丸,大秦艽湯,羚羊鉤藤湯,阿膠雞子黃湯,杏蘇散,藿香正氣散,五苓散,豬苓湯,苓桂朮甘湯,真武湯,實脾飲,獨活寄生湯,二陳湯,溫膽湯,導痰湯,滌痰湯,指迷茯苓丸,清金化痰丸,清氣化痰丸,苓甘五味薑辛湯,栝蔞貝母散,半夏白朮天麻湯,定癇丸,桂苓甘露飲,保和丸,枳實導滯丸,健脾丸,枳實消痞丸,五積散,布袋丸]";"含有{name}的方？";;"{"name":"茯苓"}"
"herb";"select_one";"[人參敗毒散,參蘇飲,再造散,新加黃龍湯,黃龍湯,溫脾湯,四君子湯,參苓白朮散,升陽益胃湯,益氣聰明湯,人參蛤蚧散,生脈散,歸脾湯,八珍湯,聖愈湯,炙甘草湯,龜鹿二仙膠,竹葉石膏湯,理中丸,吳茱萸湯,大建中湯,參附湯,回陽救急湯,小柴胡湯,半夏瀉心湯,黃連湯,桑螵蛸散,真人養臟湯,天王補心丹,四磨湯,丁香柿蒂湯,橘皮竹茹湯,旋覆代赭石湯,鱉甲煎丸,溫經湯,清燥救肺湯,麥門冬湯,當歸拈痛湯,獨活寄生湯,滌痰湯,健脾丸,枳實消痞丸,布袋丸]";"含有{name}的方？";;"{"name":"人參"}"
"herb";"select_one";"[濟川煎,新加黃龍湯,黃龍湯,溫脾湯,補中益氣湯,歸脾湯,四物湯,當歸補血湯,右歸丸,一貫煎,百合固金湯,八珍湯,聖愈湯,七寶美髯丹,龍膽瀉肝湯,仙方活命飲,瀉青丸,當歸龍薈丸,清胃散,秦艽鱉甲散,當歸四逆湯,逍遙散,當歸六黃湯,桑螵蛸散,真人養臟湯,朱砂安神丸,天王補心丹,暖肝煎,蘇子降氣湯,血府逐瘀湯,復元活血湯,溫經湯,生化湯,補陽還五湯,小薊飲子,大秦艽湯,消風散,當歸拈痛湯,獨活寄生湯,海藻玉壺湯,防風通聖散,五積散,烏梅丸]";"含有{name}的方？";;"{"name":"當歸"}"
"herb";"select_one";"[桂枝湯,小青龍湯,柴葛解肌湯,升麻葛根湯,再造散,麻子仁丸,升陽益胃湯,益氣聰明湯,四物湯,百合固金湯,八珍湯,聖愈湯,犀角地黃湯,清瘟敗毒飲,小建中湯,當歸四逆湯,黃耆桂枝五物湯,達原飲,白朮芍藥散,逍遙散,四逆散,枳實芍藥散,真人養臟湯,完帶湯,固衝湯,固經丸,柴胡疏肝散,鱉甲煎丸,溫經湯,桂枝茯苓丸,大秦艽湯,鎮肝熄風湯,羚羊鉤藤湯,大定風珠,阿膠雞子黃湯,養陰清肺湯,真武湯,獨活寄生湯,大柴胡湯,防風通聖散,五積散]";"含有{name}的方？";;"{"name":"白芍"}"
"herb";"select_one";"[小青龍湯,射干麻黃湯,參蘇飲,升陽益胃湯,竹葉石膏湯,回陽救急湯,小柴胡湯,蒿芩清膽湯,半夏瀉心湯,黃連湯,小兒回春丹,半夏厚朴湯,蘇子降氣湯,定喘湯,旋覆代赭石湯,鱉甲煎丸,溫經湯,杏蘇散,麥門冬湯,藿香正氣散,三仁湯,宣痺湯,二陳湯,溫膽湯,導痰湯,滌痰湯,指迷茯苓丸,順氣消食化痰丸,清氣化痰丸,小陷胸湯,海藻玉壺湯,冷哮丸,半夏白朮天麻湯,定癇丸,保和丸,枳實消痞丸,大柴胡湯,五積散]";"含有{name}的方？";;"{"name":"半夏"}"
"herb";"select_one";"[桂枝湯,射干麻黃湯,柴葛解肌湯,人參敗毒散,再造散,蔥白七味飲,黃龍湯,升陽益胃湯,歸脾湯,炙甘草湯,地黃飲子,吳茱萸湯,小建中湯,黃耆桂枝五物湯,小柴胡湯,排膿湯,暖肝煎,厚朴溫中湯,半夏厚朴湯,蘇子降氣湯,丁香柿蒂湯,橘皮竹茹湯,旋覆代赭石湯,溫經湯,杏蘇散,平胃散,真武湯,實脾飲,雞鳴散,二陳湯,溫膽湯,導痰湯,滌痰湯,指迷茯苓丸,順氣消食化痰丸,半夏白朮天麻湯,大柴胡湯]";"含有{name}的方？";;"{"name":"生薑"}"
"herb";"select_one";"[香蘇散,參蘇飲,舟車丸,補中益氣湯,升陽益胃湯,普濟消毒飲,仙方活命飲,回陽救急湯,白朮芍藥散,蒿芩清膽湯,完帶湯,小兒回春丹,柴胡疏肝散,厚朴溫中湯,蘇子降氣湯,杏蘇散,平胃散,藿香正氣散,五皮飲,雞鳴散,二陳湯,溫膽湯,導痰湯,滌痰湯,順氣消食化痰丸,清金化痰丸,清氣化痰丸,海藻玉壺湯,栝蔞貝母散,半夏白朮天麻湯,止嗽丸,保和丸,木香檳榔丸,健脾丸,五積散]";"含有{name}的方？";;"{"name":"陳皮"}"
"herb";"select_one";"[四君子湯,參苓白朮散,補中益氣湯,升陽益胃湯,玉屏風散,歸脾湯,八珍湯,理中丸,回陽救急湯,白朮芍藥散,逍遙散,真人養臟湯,完帶湯,固衝湯,蘇合香丸,黃土湯,大秦艽湯,藿香正氣散,防己黃耆湯,五苓散,當歸拈痛湯,苓桂朮甘湯,真武湯,實脾飲,半夏白朮天麻湯,桂苓甘露飲,枳實導滯丸,健脾丸,枳朮丸,枳實消痞丸,防風通聖散,布袋丸]";"含有{name}的方？";;"{"name":"白朮"}"
"herb";"select_one";"[桂枝湯,射干麻黃湯,柴葛解肌湯,再造散,加減葳蕤湯,十棗湯,黃龍湯,升陽益胃湯,歸脾湯,炙甘草湯,地黃飲子,吳茱萸湯,小建中湯,當歸四逆湯,黃耆桂枝五物湯,小柴胡湯,排膿湯,半夏瀉心湯,黃連湯,甘麥大棗湯,蘇子降氣湯,橘皮竹茹湯,旋覆代赭石湯,杏蘇散,麥門冬湯,平胃散,實脾飲,溫膽湯,滌痰湯,半夏白朮天麻湯,大柴胡湯]";"含有{name}的方？";;"{"name":"大棗"}"
"herb";"select_one";"[九味羌活湯,蔥白七味飲,新加黃龍湯,增液承氣湯,腎氣丸,一貫煎,百合固金湯,益胃湯,炙甘草湯,清營湯,犀角地黃湯,清瘟敗毒飲,龍膽瀉肝湯,導赤散,清胃散,青蒿鱉甲湯,當歸六黃湯,朱砂安神丸,天王補心丹,血府逐瘀湯,小薊飲子,黃土湯,大秦艽湯,消風散,羚羊鉤藤湯,大定風珠,阿膠雞子黃湯,養陰清肺湯,增液湯,獨活寄生湯]";"含有{name}的方？";;"{"name":"生地"}"
"herb";"select_one";"[九味羌活湯,柴葛解肌湯,清瘟敗毒飲,黃連解毒湯,普濟消毒飲,龍膽瀉肝湯,當歸龍薈丸,小柴胡湯,達原飲,蒿芩清膽湯,半夏瀉心湯,當歸六黃湯,固經丸,安宮牛黃丸,定喘湯,鱉甲煎丸,黃土湯,大秦艽湯,天麻鉤藤飲,甘露消毒丹,當歸拈痛湯,清金化痰丸,清氣化痰丸,礞石滾痰丸,枳實導滯丸,大柴胡湯,防風通聖散,葛根芩連湯,石膏湯]";"含有{name}的方？";;"{"name":"黃芩"}"
"herb";"select_one";"[大承氣湯,調胃承氣湯,大黃牡丹皮湯,大陷胸湯,甘遂通結湯,三物備急丸,大黃附子湯,麻子仁丸,舟車丸,新加黃龍湯,黃龍湯,增液承氣湯,溫脾湯,瀉青丸,當歸龍薈丸,小兒回春丹,鱉甲煎丸,桃仁承氣湯,十灰散,茵陳蒿湯,八正散,礞石滾痰丸,枳實導滯丸,木香檳榔丸,大柴胡湯,防風通聖散]";"含有{name}的方？";;"{"name":"大黃"}"
"herb";"select_one";"[升陽益胃湯,清營湯,清瘟敗毒飲,黃連解毒湯,普濟消毒飲,左金丸,當歸龍薈丸,清胃散,白頭翁湯,半夏瀉心湯,黃連湯,當歸六黃湯,朱砂安神丸,安宮牛黃丸,小陷胸湯,清暑益氣湯,枳實導滯丸,木香檳榔丸,健脾丸,肥兒丸,枳實消痞丸,葛根芩連湯,石膏湯,烏梅丸]";"含有{name}的方？";;"{"name":"黃連"}"
"herb";"select_one";"[荊防敗毒散,銀翹散,桑菊飲,柴葛解肌湯,人參敗毒散,參蘇飲,加減葳蕤湯,黃龍湯,參苓白朮散,升陷湯,百合固金湯,清瘟敗毒飲,普濟消毒飲,排膿湯,天王補心丹,血府逐瘀湯,杏蘇散,藿香正氣散,雞鳴散,清金化痰丸,栝蔞貝母散,止嗽丸,防風通聖散,五積散]";"含有{name}的方？";;"{"name":"桔梗"}"
"herb";"select_one";"[蔥白七味飲,新加黃龍湯,增液承氣湯,生脈散,一貫煎,百合固金湯,益胃湯,炙甘草湯,地黃飲子,竹葉石膏湯,清營湯,玉女煎,天王補心丹,溫經湯,大定風珠,清燥救肺湯,沙參麥冬湯,養陰清肺湯,麥門冬湯,增液湯,清金化痰丸,定癇丸,清暑益氣湯]";"含有{name}的方？";;"{"name":"麥冬"}"
"herb";"select_one";"[荊防敗毒散,九味羌活湯,人參敗毒散,再造散,四物湯,八珍湯,聖愈湯,瀉青丸,酸棗仁湯,柴胡疏肝散,越鞠丸,血府逐瘀湯,溫經湯,生化湯,補陽還五湯,川芎茶調散,大秦艽湯,羌活勝濕湯,獨活寄生湯,海藻玉壺湯,防風通聖散,五積散]";"含有{name}的方？";;"{"name":"川芎"}"
"herb";"select_one";"[小青龍湯,三物備急丸,溫脾湯,理中丸,大建中湯,四逆湯,回陽救急湯,半夏瀉心湯,黃連湯,桃花湯,訶子散,厚朴溫中湯,鱉甲煎丸,生化湯,實脾飲,苓甘五味薑辛湯,枳實消痞丸,五積散,烏梅丸]";"含有{name}的方？";;"{"name":"乾薑"}"
"herb";"select_one";"[清瘟敗毒飲,黃連解毒湯,龍膽瀉肝湯,瀉青丸,當歸龍薈丸,瀉黃散,安宮牛黃丸,越鞠丸,十灰散,小薊飲子,咳血方,天麻鉤藤飲,茵陳蒿湯,八正散,宣痺湯,清金化痰丸,防風通聖散,石膏湯]";"含有{name}的方？";;"{"name":"梔子"}"
"herb";"select_one";"[麻黃湯,桂枝湯,小青龍湯,再造散,腎氣丸,炙甘草湯,小建中湯,當歸四逆湯,黃耆桂枝五物湯,黃連湯,鱉甲煎丸,溫經湯,桂枝茯苓丸,桃仁承氣湯,五苓散,苓桂朮甘湯,桂苓甘露飲,烏梅丸]";"含有{name}的方？";;"{"name":"桂枝"}"
"herb";"select_one";"[荊防敗毒散,柴葛解肌湯,人參敗毒散,補中益氣湯,升陷湯,升陽益胃湯,普濟消毒飲,龍膽瀉肝湯,秦艽鱉甲散,小柴胡湯,逍遙散,四逆散,完帶湯,柴胡疏肝散,血府逐瘀湯,鱉甲煎丸,復元活血湯,大柴胡湯]";"含有{name}的方？";;"{"name":"柴胡"}"
"herb";"select_one";"[荊防敗毒散,九味羌活湯,再造散,升陽益胃湯,玉屏風散,仙方活命飲,瀉青丸,瀉黃散,白朮芍藥散,川芎茶調散,大秦艽湯,消風散,玉真散,當歸拈痛湯,羌活勝濕湯,獨活寄生湯,防風通聖散]";"含有{name}的方？";;"{"name":"防風"}"
"herb";"select_one";"[大承氣湯,麻子仁丸,黃龍湯,達原飲,橘核丸,厚朴溫中湯,半夏厚朴湯,蘇子降氣湯,鱉甲煎丸,平胃散,藿香正氣散,三仁湯,實脾飲,新加香薷飲,香薷飲,枳實消痞丸,五積散]";"含有{name}的方？";;"{"name":"厚朴"}"
"herb";"select_one";"[參蘇飲,舟車丸,歸脾湯,當歸龍薈丸,黑錫丹,真人養臟湯,紫雪丹,小兒回春丹,蘇合香丸,天臺烏藥散,橘核丸,厚朴溫中湯,實脾飲,木香檳榔丸,健脾丸,肥兒丸]";"含有{name}的方？";;"{"name":"木香"}"
"herb";"select_one";"[麻黃湯,桑菊飲,麻杏石甘湯,麻子仁丸,人參蛤蚧散,補肺阿膠湯,定喘湯,杏蘇散,桑杏湯,清燥救肺湯,三仁湯,宣痺湯,順氣消食化痰丸,清氣化痰丸,冷哮丸]";"含有{name}的方？";;"{"name":"杏仁"}"
"herb";"select_one";"[麻黃附子細辛湯,再造散,大黃附子湯,溫脾湯,腎氣丸,右歸丸,地黃飲子,四逆湯,參附湯,回陽救急湯,黑錫丹,黃土湯,真武湯,實脾飲,烏梅丸]";"含有{name}的方？";;"{"name":"附子"}"
"herb";"select_one";"[升陷湯,人參蛤蚧散,大補陰丸,白虎湯,清瘟敗毒飲,玉女煎,青蒿鱉甲湯,秦艽鱉甲散,清骨散,達原飲,酸棗仁湯,消風散,當歸拈痛湯,清金化痰丸,清暑益氣湯]";"含有{name}的方？";;"{"name":"知母"}"
"herb";"select_one";"[荊防敗毒散,人參敗毒散,參蘇飲,濟川煎,蒿芩清膽湯,小兒回春丹,柴胡疏肝散,橘核丸,血府逐瘀湯,槐花散,杏蘇散,指迷茯苓丸,清氣化痰丸,五積散]";"含有{name}的方？";;"{"name":"枳殼"}"
"herb";"select_one";"[再造散,補中益氣湯,升陷湯,升陽益胃湯,益氣聰明湯,玉屏風散,歸脾湯,當歸補血湯,聖愈湯,黃耆桂枝五物湯,牡蠣散,當歸六黃湯,補陽還五湯,防己黃耆湯]";"含有{name}的方？";;"{"name":"黃耆"}"
"herb";"select_one";"[柴葛解肌湯,麻杏石甘湯,白虎湯,竹葉石膏湯,清瘟敗毒飲,瀉黃散,玉女煎,紫雪丹,大秦艽湯,消風散,清燥救肺湯,桂苓甘露飲,防風通聖散,石膏湯]";"含有{name}的方？";;"{"name":"石膏"}"
"herb";"select_one";"[人參蛤蚧散,百合固金湯,仙方活命飲,小兒回春丹,羚羊鉤藤湯,桑杏湯,養陰清肺湯,甘露消毒丹,清金化痰丸,消瘰丸,海藻玉壺湯,栝蔞貝母散,定癇丸]";"含有{name}的方？";;"{"name":"貝母"}"
"herb";"select_one";"[九味羌活湯,小青龍湯,射干麻黃湯,麻黃附子細辛湯,再造散,大黃附子湯,當歸四逆湯,川芎茶調散,大秦艽湯,獨活寄生湯,苓甘五味薑辛湯,冷哮丸,烏梅丸]";"含有{name}的方？";;"{"name":"細辛"}"
"herb";"select_one";"[四物湯,右歸丸,六味地黃丸,左歸丸,大補陰丸,百合固金湯,八珍湯,聖愈湯,地黃飲子,玉女煎,陽和湯,當歸六黃湯,大秦艽湯]";"含有{name}的方？";;"{"name":"熟地"}"
"herb";"select_one";"[大承氣湯,調胃承氣湯,大黃牡丹皮湯,大陷胸湯,新加黃龍湯,黃龍湯,增液承氣湯,溫脾湯,紫雪丹,鱉甲煎丸,桃仁承氣湯,防風通聖散]";"含有{name}的方？";;"{"name":"芒硝"}"
"herb";"select_one";"[大承氣湯,麻子仁丸,黃龍湯,四逆散,枳實芍藥散,溫膽湯,導痰湯,滌痰湯,枳實導滯丸,枳朮丸,枳實消痞丸,大柴胡湯]";"含有{name}的方？";;"{"name":"枳實"}"
"herb";"select_one";"[新加黃龍湯,增液承氣湯,百合固金湯,清營湯,清瘟敗毒飲,普濟消毒飲,天王補心丹,紫雪丹,鎮肝熄風湯,養陰清肺湯,增液湯,消瘰丸]";"含有{name}的方？";;"{"name":"玄參"}"
"herb";"select_one";"[益氣聰明湯,大補陰丸,黃連解毒湯,當歸龍薈丸,白頭翁湯,當歸六黃湯,易黃湯,固經丸,四妙丸,木香檳榔丸,石膏湯,烏梅丸]";"含有{name}的方？";;"{"name":"黃柏"}"
"herb";"select_one";"[荊防敗毒散,九味羌活湯,柴葛解肌湯,人參敗毒散,再造散,升陽益胃湯,瀉青丸,川芎茶調散,大秦艽湯,玉真散,當歸拈痛湯,羌活勝濕湯]";"含有{name}的方？";;"{"name":"羌活"}"
"herb";"select_one";"[銀翹散,桑菊飲,清營湯,清瘟敗毒飲,普濟消毒飲,甘露消毒丹,宣痺湯,海藻玉壺湯,新加香薷飲,保和丸,防風通聖散]";"含有{name}的方？";;"{"name":"連翹"}"
"herb";"select_one";"[麻黃湯,小青龍湯,射干麻黃湯,麻杏石甘湯,麻黃附子細辛湯,陽和湯,定喘湯,冷哮丸,防風通聖散,石膏湯,五積散]";"含有{name}的方？";;"{"name":"麻黃"}"
"herb";"select_one";"[大黃牡丹皮湯,甘遂通結湯,葦莖湯,橘核丸,血府逐瘀湯,鱉甲煎丸,復元活血湯,生化湯,桂枝茯苓丸,桃仁承氣湯,補陽還五湯]";"含有{name}的方？";;"{"name":"桃仁"}"
"herb";"select_one";"[銀翹散,桑菊飲,人參敗毒散,加減葳蕤湯,地黃飲子,普濟消毒飲,逍遙散,川芎茶調散,養陰清肺湯,甘露消毒丹,防風通聖散]";"含有{name}的方？";;"{"name":"薄荷"}"
"herb";"select_one";"[右歸丸,地黃飲子,回陽救急湯,黑錫丹,陽和湯,真人養臟湯,暖肝煎,橘核丸,蘇子降氣湯,獨活寄生湯,五積散]";"含有{name}的方？";;"{"name":"肉桂"}"
"herb";"select_one";"[腎氣丸,六味地黃丸,犀角地黃湯,清瘟敗毒飲,清胃散,青蒿鱉甲湯,鱉甲煎丸,溫經湯,桂枝茯苓丸,十灰散,養陰清肺湯]";"含有{name}的方？";;"{"name":"丹皮"}"
"herb";"select_one";"[蒿芩清膽湯,紫雪丹,小薊飲子,豬苓湯,三仁湯,甘露消毒丹,八正散,宣痺湯,六一散,桂苓甘露飲,防風通聖散]";"含有{name}的方？";;"{"name":"滑石"}"
"herb";"select_one";"[參苓白朮散,腎氣丸,右歸丸,六味地黃丸,左歸丸,縮泉丸,易黃湯,完帶湯,清帶湯,健脾丸]";"含有{name}的方？";;"{"name":"山藥"}"
"herb";"select_one";"[甘遂通結湯,濟川煎,左歸丸,七寶美髯丹,玉女煎,血府逐瘀湯,鎮肝熄風湯,天麻鉤藤飲,四妙丸,獨活寄生湯]";"含有{name}的方？";;"{"name":"牛膝"}"
"herb";"select_one";"[濟川煎,升陽益胃湯,腎氣丸,六味地黃丸,龍膽瀉肝湯,五苓散,豬苓湯,當歸拈痛湯,桂苓甘露飲,枳實導滯丸]";"含有{name}的方？";;"{"name":"澤瀉"}"
"herb";"select_one";"[升麻葛根湯,濟川煎,補中益氣湯,升陷湯,益氣聰明湯,普濟消毒飲,清胃散,紫雪丹,當歸拈痛湯]";"含有{name}的方？";;"{"name":"升麻"}"
"herb";"select_one";"[補肺阿膠湯,炙甘草湯,鱉甲煎丸,溫經湯,黃土湯,大定風珠,阿膠雞子黃湯,清燥救肺湯,豬苓湯]";"含有{name}的方？";;"{"name":"阿膠"}"
"herb";"select_one";"[小青龍湯,射干麻黃湯,生脈散,地黃飲子,回陽救急湯,四神丸,天王補心丹,大定風珠,苓甘五味薑辛湯]";"含有{name}的方？";;"{"name":"五味子"}"
"herb";"select_one";"[銀翹散,竹葉石膏湯,清營湯,清瘟敗毒飲,瀉青丸,小薊飲子,三仁湯,清絡飲,清暑益氣湯]";"含有{name}的方？";;"{"name":"竹葉"}"
"herb";"select_one";"[朱砂安神丸,磁朱丸,天王補心丹,安宮牛黃丸,紫雪丹,小兒回春丹,蘇合香丸,定癇丸]";"含有{name}的方？";;"{"name":"朱砂"}"
"herb";"select_one";"[柴葛解肌湯,升麻葛根湯,參蘇飲,蔥白七味飲,益氣聰明湯,當歸拈痛湯,順氣消食化痰丸,葛根芩連湯]";"含有{name}的方？";;"{"name":"葛根"}"
"herb";"select_one";"[荊防敗毒散,銀翹散,完帶湯,槐花散,川芎茶調散,消風散,止嗽丸,防風通聖散]";"含有{name}的方？";;"{"name":"荊芥"}"
"herb";"select_one";"[香蘇散,固經丸,蘇合香丸,柴胡疏肝散,越鞠丸,良附丸,順氣消食化痰丸,木香檳榔丸]";"含有{name}的方？";;"{"name":"香附"}"
"herb";"select_one";"[牡蠣散,金鎖固精丸,清帶湯,固衝湯,鎮肝熄風湯,大定風珠,阿膠雞子黃湯,消瘰丸]";"含有{name}的方？";;"{"name":"牡蠣"}"
"herb";"select_one";"[九味羌活湯,柴葛解肌湯,仙方活命飲,川芎茶調散,大秦艽湯,玉真散,藿香正氣散,五積散]";"含有{name}的方？";;"{"name":"白芷"}"
"herb";"select_one";"[九味羌活湯,完帶湯,越鞠丸,消風散,平胃散,四妙丸,當歸拈痛湯,五積散]";"含有{name}的方？";;"{"name":"蒼朮"}"
"herb";"select_one";"[舟車丸,達原飲,天臺烏藥散,四磨湯,雞鳴散,木香檳榔丸,肥兒丸,化蟲丸]";"含有{name}的方？";;"{"name":"檳榔"}"
"herb";"select_one";"[磁朱丸,越鞠丸,順氣消食化痰丸,保和丸,枳實導滯丸,健脾丸,肥兒丸]";"含有{name}的方？";;"{"name":"神麴"}"
"herb";"select_one";"[新加黃龍湯,百合固金湯,仙方活命飲,導赤散,陽和湯,酸棗仁湯,養陰清肺湯]";"含有{name}的方？";;"{"name":"生甘草"}"
"herb";"select_one";"[黑錫丹,紫雪丹,小兒回春丹,蘇合香丸,暖肝煎,四磨湯,礞石滾痰丸]";"含有{name}的方？";;"{"name":"沉香"}"
"herb";"select_one";"[當歸龍薈丸,回陽救急湯,安宮牛黃丸,至寶丹,紫雪丹,小兒回春丹,蘇合香丸]";"含有{name}的方？";;"{"name":"麝香"}"
"herb";"select_one";"[荊防敗毒散,人參敗毒散,升陽益胃湯,大秦艽湯,羌活勝濕湯,獨活寄生湯,海藻玉壺湯]";"含有{name}的方？";;"{"name":"獨活"}"
"herb";"select_one";"[左歸丸,大補陰丸,龜鹿二仙膠,桑螵蛸散,固經丸,鎮肝熄風湯,大定風珠]";"含有{name}的方？";;"{"name":"龜板"}"
"herb";"select_one";"[黑錫丹,四神丸,真人養臟湯,三仁湯,甘露消毒丹,健脾丸,肥兒丸]";"含有{name}的方？";;"{"name":"肉豆蔻"}"
"herb";"select_one";"[龍膽瀉肝湯,導赤散,橘核丸,小薊飲子,消風散,甘露消毒丹,八正散]";"含有{name}的方？";;"{"name":"木通"}"
"herb";"select_one";"[清營湯,犀角地黃湯,清瘟敗毒飲,安宮牛黃丸,至寶丹,紫雪丹,蘇合香丸]";"含有{name}的方？";;"{"name":"犀角"}"
"herb";"select_one";"[香蘇散,參蘇飲,半夏厚朴湯,蘇子降氣湯,杏蘇散,藿香正氣散,雞鳴散]";"含有{name}的方？";;"{"name":"紫蘇"}"
"herb";"select_one";"[腎氣丸,右歸丸,六味地黃丸,左歸丸,地黃飲子,固衝湯]";"含有{name}的方？";;"{"name":"山茱萸"}"
"herb";"select_one";"[右歸丸,左歸丸,一貫煎,龜鹿二仙膠,七寶美髯丹,暖肝煎]";"含有{name}的方？";;"{"name":"枸杞"}"
"herb";"select_one";"[一貫煎,黑錫丹,金鈴子散,天臺烏藥散,橘核丸,鎮肝熄風湯]";"含有{name}的方？";;"{"name":"川楝子"}"
"herb";"select_one";"[白虎湯,竹葉石膏湯,瀉白散,桃花湯,麥門冬湯,清暑益氣湯]";"含有{name}的方？";;"{"name":"梗米"}"
"herb";"select_one";"[銀翹散,清營湯,五味消毒飲,仙方活命飲,清絡飲,新加香薷飲]";"含有{name}的方？";;"{"name":"銀花"}"
"herb";"select_one";"[銀翹散,蔥白七味飲,加減葳蕤湯,桑杏湯,石膏湯,瓜蒂散]";"含有{name}的方？";;"{"name":"豆豉"}"
"herb";"select_one";"[滌痰湯,順氣消食化痰丸,清氣化痰丸,冷哮丸,定癇丸]";"含有{name}的方？";;"{"name":"膽星"}"
"herb";"select_one";"[參苓白朮散,葦莖湯,三仁湯,宣痺湯,四妙丸]";"含有{name}的方？";;"{"name":"薏仁"}"
"herb";"select_one";"[歸脾湯,地黃飲子,桑螵蛸散,天王補心丹,定癇丸]";"含有{name}的方？";;"{"name":"遠志"}"
"herb";"select_one";"[荊防敗毒散,人參敗毒散,參蘇飲,蘇子降氣湯,杏蘇散]";"含有{name}的方？";;"{"name":"前胡"}"
"herb";"select_one";"[人參蛤蚧散,瀉白散,定喘湯,五皮飲,清金化痰丸]";"含有{name}的方？";;"{"name":"桑白皮"}"
"herb";"select_one";"[舟車丸,天臺烏藥散,順氣消食化痰丸,海藻玉壺湯,木香檳榔丸]";"含有{name}的方？";;"{"name":"青皮"}"
"herb";"select_one";"[鎮肝熄風湯,順氣消食化痰丸,健脾丸,肥兒丸,枳實消痞丸]";"含有{name}的方？";;"{"name":"麥芽"}"
"herb";"select_one";"[左金丸,吳茱萸湯,四神丸,溫經湯,雞鳴散]";"含有{name}的方？";;"{"name":"吳茱萸"}"
"herb";"select_one";"[青蒿鱉甲湯,秦艽鱉甲散,清骨散,鱉甲煎丸,大定風珠]";"含有{name}的方？";;"{"name":"鱉甲"}"
"herb";"select_one";"[縮泉丸,天臺烏藥散,暖肝煎,四磨湯,萆薢分清飲]";"含有{name}的方？";;"{"name":"烏藥"}"
"herb";"select_one";"[蒿芩清膽湯,橘皮竹茹湯,羚羊鉤藤湯,溫膽湯,滌痰湯]";"含有{name}的方？";;"{"name":"竹茹"}"
"herb";"select_one";"[桑菊飲,羚羊鉤藤湯,桑杏湯,清燥救肺湯,沙參麥冬湯]";"含有{name}的方？";;"{"name":"桑葉"}"
"herb";"select_one";"[金鎖固精丸,桑螵蛸散,清帶湯,固衝湯,鎮肝熄風湯]";"含有{name}的方？";;"{"name":"龍骨"}"
"herb";"select_one";"[小兒回春丹,玉真散,天麻鉤藤飲,半夏白朮天麻湯,定癇丸]";"含有{name}的方？";;"{"name":"天麻"}"
"herb";"select_one";"[龍膽瀉肝湯,易黃湯,完帶湯,八正散]";"含有{name}的方？";;"{"name":"車前子"}"
"herb";"select_one";"[清金化痰丸,清氣化痰丸,小陷胸湯,栝蔞貝母散]";"含有{name}的方？";;"{"name":"栝蔞"}"
"herb";"select_one";"[右歸丸,左歸丸,龜鹿二仙膠,陽和湯]";"含有{name}的方？";;"{"name":"鹿角膠"}"
"herb";"select_one";"[銀翹散,補肺阿膠湯,普濟消毒飲,消風散]";"含有{name}的方？";;"{"name":"牛蒡子"}"
"herb";"select_one";"[青蒿鱉甲湯,秦艽鱉甲散,清骨散,蒿芩清膽湯]";"含有{name}的方？";;"{"name":"青蒿"}"
"herb";"select_one";"[歸脾湯,桑螵蛸散,天麻鉤藤飲,定癇丸]";"含有{name}的方？";;"{"name":"茯神"}"
"herb";"select_one";"[秦艽鱉甲散,清骨散,大秦艽湯,獨活寄生湯]";"含有{name}的方？";;"{"name":"秦艽"}"
"herb";"select_one";"[蘇子降氣湯,定喘湯,順氣消食化痰丸,三子養親湯]";"含有{name}的方？";;"{"name":"蘇子"}"
"herb";"select_one";"[麻子仁丸,大補陰丸,瀉青丸,安宮牛黃丸]";"含有{name}的方？";;"{"name":"蜂蜜"}"
"herb";"select_one";"[甘遂通結湯,仙方活命飲,血府逐瘀湯,補陽還五湯]";"含有{name}的方？";;"{"name":"赤芍"}"
"herb";"select_one";"[大陷胸湯,甘遂通結湯,十棗湯,舟車丸]";"含有{name}的方？";;"{"name":"甘遂"}"
"herb";"select_one";"[清營湯,天王補心丹,丹參飲,定癇丸]";"含有{name}的方？";;"{"name":"丹參"}"
"herb";"select_one";"[一貫煎,益胃湯,桑杏湯,沙參麥冬湯]";"含有{name}的方？";;"{"name":"沙參"}"
"herb";"select_one";"[普濟消毒飲,小兒回春丹,牽正散,定癇丸]";"含有{name}的方？";;"{"name":"僵蠶"}"
"herb";"select_one";"[鎮肝熄風湯,茵陳蒿湯,甘露消毒丹,當歸拈痛湯]";"含有{name}的方？";;"{"name":"茵陳"}"
"herb";"select_one";"[地黃飲子,甘露消毒丹,萆薢分清飲,定癇丸]";"含有{name}的方？";;"{"name":"石菖蒲"}"
"herb";"select_one";"[五苓散,豬苓湯,當歸拈痛湯,桂苓甘露飲]";"含有{name}的方？";;"{"name":"豬苓"}"
"herb";"select_one";"[訶子散,真人養臟湯,蘇合香丸,咳血方]";"含有{name}的方？";;"{"name":"訶子"}"
"herb";"select_one";"[七寶美髯丹,黑錫丹,四神丸]";"含有{name}的方？";;"{"name":"補骨脂"}"
"herb";"select_one";"[瀉白散,秦艽鱉甲散,清骨散]";"含有{name}的方？";;"{"name":"地骨皮"}"
"herb";"select_one";"[瀉黃散,藿香正氣散,甘露消毒丹]";"含有{name}的方？";;"{"name":"藿香"}"
"herb";"select_one";"[十灰散,清絡飲,枳朮丸]";"含有{name}的方？";;"{"name":"荷葉"}"
"herb";"select_one";"[右歸丸,左歸丸,七寶美髯丹]";"含有{name}的方？";;"{"name":"菟絲子"}"
"herb";"select_one";"[歸脾湯,酸棗仁湯,天王補心丹]";"含有{name}的方？";;"{"name":"酸棗仁"}"
"herb";"select_one";"[參苓白朮散,丹參飲,健脾丸]";"含有{name}的方？";;"{"name":"砂仁"}"
"herb";"select_one";"[秦艽鱉甲散,二陳湯,烏梅丸]";"含有{name}的方？";;"{"name":"烏梅"}"
"herb";"select_one";"[大建中湯,冷哮丸,烏梅丸]";"含有{name}的方？";;"{"name":"蜀椒"}"
"herb";"select_one";"[血府逐瘀湯,復元活血湯,補陽還五湯]";"含有{name}的方？";;"{"name":"紅花"}"
"herb";"select_one";"[參苓白朮散,沙參麥冬湯,香薷飲]";"含有{name}的方？";;"{"name":"扁豆"}"
"herb";"select_one";"[射干麻黃湯,鱉甲煎丸,甘露消毒丹]";"含有{name}的方？";;"{"name":"射干"}"
"herb";"select_one";"[射干麻黃湯,定喘湯,冷哮丸]";"含有{name}的方？";;"{"name":"款冬"}"
"herb";"select_one";"[龍膽瀉肝湯,瀉青丸,當歸龍薈丸]";"含有{name}的方？";;"{"name":"龍膽草"}"
"herb";"select_one";"[達原飲,易黃湯,定喘湯]";"含有{name}的方？";;"{"name":"白果"}"
"herb";"select_one";"[順氣消食化痰丸,保和丸,健脾丸]";"含有{name}的方？";;"{"name":"山楂"}"
"herb";"select_one";"[順氣消食化痰丸,三子養親湯,保和丸]";"含有{name}的方？";;"{"name":"萊菔子"}"
"herb";"select_one";"[藿香正氣散,五皮飲,實脾飲]";"含有{name}的方？";;"{"name":"大腹皮"}"
"herb";"select_one";"[小兒回春丹,牽正散,定癇丸]";"含有{name}的方？";;"{"name":"全蠍"}"
"herb";"select_one";"[金鎖固精丸,水陸二仙丹,易黃湯]";"含有{name}的方？";;"{"name":"芡實"}"
"herb";"select_one";"[小兒回春丹,蘇合香丸,丹參飲]";"含有{name}的方？";;"{"name":"檀香"}"
"herb";"select_one";"[仙方活命飲,沙參麥冬湯,栝蔞貝母散]";"含有{name}的方？";;"{"name":"天花粉"}"
"herb";"select_one";"[小兒回春丹,天麻鉤藤飲,羚羊鉤藤湯]";"含有{name}的方？";;"{"name":"鉤藤"}"
"herb";"select_one";"[射干麻黃湯,冷哮丸,止嗽丸]";"含有{name}的方？";;"{"name":"紫苑"}"
"herb";"select_one";"[右歸丸,天麻鉤藤飲,獨活寄生湯]";"含有{name}的方？";;"{"name":"杜仲"}"
"herb";"select_one";"[紫雪丹,蘇合香丸,丁香柿蒂湯]";"含有{name}的方？";;"{"name":"丁香"}"
"herb";"select_one";"[當歸龍薈丸,蒿芩清膽湯,咳血方]";"含有{name}的方？";;"{"name":"青黛"}"
"herb";"select_one";"[清帶湯,固衝湯,十灰散]";"含有{name}的方？";;"{"name":"茜草"}"
"herb";"select_one";"[安宮牛黃丸,至寶丹,蘇合香丸]";"含有{name}的方？";;"{"name":"冰片"}"
"herb";"select_one";"[安宮牛黃丸,至寶丹,小兒回春丹]";"含有{name}的方？";;"{"name":"牛黃"}"
"herb";"select_one";"[桑菊飲,五味消毒飲,羚羊鉤藤湯]";"含有{name}的方？";;"{"name":"菊花"}"
"herb";"select_one";"[仙方活命飲,蘇合香丸,小活絡丹]";"含有{name}的方？";;"{"name":"乳香"}"
"herb";"select_one";"[宣痺湯,瓜蒂散]";"含有{name}的方？";;"{"name":"赤小豆"}"
"herb";"select_one";"[當歸龍薈丸,布袋丸]";"含有{name}的方？";;"{"name":"蘆薈"}"
"herb";"select_one";"[舟車丸,木香檳榔丸]";"含有{name}的方？";;"{"name":"牽牛子"}"
"herb";"select_one";"[益氣聰明湯,羌活勝濕湯]";"含有{name}的方？";;"{"name":"蔓荊子"}"
"herb";"select_one";"[肥兒丸,布袋丸]";"含有{name}的方？";;"{"name":"使君子"}"
"herb";"select_one";"[十灰散,槐花散]";"含有{name}的方？";;"{"name":"柏葉"}"
"herb";"select_one";"[清絡飲,新加香薷飲]";"含有{name}的方？";;"{"name":"扁豆花"}"
"herb";"select_one";"[防己黃耆湯,宣痺湯]";"含有{name}的方？";;"{"name":"防己"}"
"herb";"select_one";"[十灰散,小薊飲子]";"含有{name}的方？";;"{"name":"小薊"}"
"herb";"select_one";"[大黃牡丹皮湯,葦莖湯]";"含有{name}的方？";;"{"name":"冬瓜仁"}"
"herb";"select_one";"[益胃湯,沙參麥冬湯]";"含有{name}的方？";;"{"name":"玉竹"}"
"herb";"select_one";"[大定風珠,阿膠雞子黃湯]";"含有{name}的方？";;"{"name":"雞子黃"}"
"herb";"select_one";"[炙甘草湯,鱉甲煎丸]";"含有{name}的方？";;"{"name":"清酒"}"
"herb";"select_one";"[補陽還五湯,小活絡丹]";"含有{name}的方？";;"{"name":"地龍"}"
"herb";"select_one";"[鱉甲煎丸,八正散]";"含有{name}的方？";;"{"name":"瞿麥"}"
"herb";"select_one";"[地黃飲子,清暑益氣湯]";"含有{name}的方？";;"{"name":"石斛"}"
"herb";"select_one";"[鱉甲煎丸,黃土湯]";"含有{name}的方？";;"{"name":"灶心土"}"
"herb";"select_one";"[大定風珠,清燥救肺湯]";"含有{name}的方？";;"{"name":"麻仁"}"
"herb";"select_one";"[旋覆代赭石湯,鎮肝熄風湯]";"含有{name}的方？";;"{"name":"代赭石"}"
"herb";"select_one";"[新加香薷飲,香薷飲]";"含有{name}的方？";;"{"name":"香薷"}"
"herb";"select_one";"[橘核丸,海藻玉壺湯]";"含有{name}的方？";;"{"name":"海帶"}"
"herb";"select_one";"[橘核丸,海藻玉壺湯]";"含有{name}的方？";;"{"name":"海藻"}"
"herb";"select_one";"[天麻鉤藤飲,獨活寄生湯]";"含有{name}的方？";;"{"name":"桑寄生"}"
"herb";"select_one";"[冷哮丸,救急稀涎丸]";"含有{name}的方？";;"{"name":"皂角"}"
"herb";"select_one";"[當歸四逆湯,三仁湯]";"含有{name}的方？";;"{"name":"通草"}"
"herb";"select_one";"[銀翹散,桑菊飲]";"含有{name}的方？";;"{"name":"蘆根"}"
"herb";"select_one";"[橘核丸,海藻玉壺湯]";"含有{name}的方？";;"{"name":"昆布"}"
"herb";"select_one";"[蔥白七味飲,加減葳蕤湯]";"含有{name}的方？";;"{"name":"蔥白"}"
"herb";"select_one";"[天臺烏藥散,良附丸]";"含有{name}的方？";;"{"name":"高良薑"}"
"herb";"select_one";"[實脾飲,雞鳴散]";"含有{name}的方？";;"{"name":"木瓜"}"
"herb";"select_one";"[三物備急丸,天臺烏藥散]";"含有{name}的方？";;"{"name":"巴豆"}"
"herb";"select_one";"[天臺烏藥散,暖肝煎]";"含有{name}的方？";;"{"name":"茴香"}"
"herb";"select_one";"[天麻鉤藤飲,阿膠雞子黃湯]";"含有{name}的方？";;"{"name":"石決明"}"
"herb";"select_one";"[牡蠣散,甘麥大棗湯]";"含有{name}的方？";;"{"name":"浮小麥"}"
"herb";"select_one";"[金鈴子散,橘核丸]";"含有{name}的方？";;"{"name":"延胡索"}"
"herb";"select_one";"[麻子仁丸,炙甘草湯]";"含有{name}的方？";;"{"name":"麻子仁"}"
"herb";"select_one";"[陽和湯,三子養親湯]";"含有{name}的方？";;"{"name":"白芥子"}"
"herb";"select_one";"[化蟲丸,救急稀涎丸]";"含有{name}的方？";;"{"name":"白礬"}"
"herb";"select_one";"[濟川煎,地黃飲子]";"含有{name}的方？";;"{"name":"肉蓯蓉"}"
"herb";"select_one";"[清絡飲,清暑益氣湯]";"含有{name}的方？";;"{"name":"西瓜皮"}"
"herb";"select_one";"[十棗湯,舟車丸]";"含有{name}的方？";;"{"name":"芫花"}"
"herb";"select_one";"[紫雪丹,桂苓甘露飲]";"含有{name}的方？";;"{"name":"寒水石"}"
"herb";"select_one";"[桑螵蛸散,滌痰湯]";"含有{name}的方？";;"{"name":"菖蒲"}"
"herb";"select_one";"[縮泉丸,萆薢分清飲]";"含有{name}的方？";;"{"name":"益智仁"}"
"herb";"select_one";"[牽正散,玉真散]";"含有{name}的方？";;"{"name":"白附子"}"
"herb";"select_one";"[桃花湯,赤石脂禹餘糧湯]";"含有{name}的方？";;"{"name":"赤石脂"}"
"herb";"select_one";"[小活絡丹,玉真散]";"含有{name}的方？";;"{"name":"天南星"}"
"herb";"select_one";"[補中益氣湯,完帶湯]";"含有{name}的方？";;"{"name":"人參(黨參)"}"
"herb";"select_one";"[至寶丹,定癇丸]";"含有{name}的方？";;"{"name":"琥珀"}"
"herb";"select_one";"[至寶丹,蘇合香丸]";"含有{name}的方？";;"{"name":"安息香"}"
"herb";"select_one";"[安宮牛黃丸,至寶丹]";"含有{name}的方？";;"{"name":"金箔"}"
"herb";"select_one";"[清帶湯,固衝湯]";"含有{name}的方？";;"{"name":"海螵蛸"}"
"herb";"select_one";"[小活絡丹,冷哮丸]";"含有{name}的方？";;"{"name":"川烏"}"
"herb";"select_one";"[仙方活命飲,復元活血湯]";"含有{name}的方？";;"{"name":"穿山甲"}"
"herb";"select_one";"[安宮牛黃丸,至寶丹]";"含有{name}的方？";;"{"name":"雄黃"}"
"herb";"select_one";"[十棗湯,舟車丸]";"含有{name}的方？";;"{"name":"大戟"}"
"herb";"select_one";"[天王補心丹,鎮肝熄風湯]";"含有{name}的方？";;"{"name":"天冬"}"
"herb";"select_one";"[仙方活命飲,小活絡丹]";"含有{name}的方？";;"{"name":"沒藥"}"
"herb";"select_one";"[磁朱丸,紫雪丹]";"含有{name}的方？";;"{"name":"磁石"}"
"herb";"select_one";"[消風散,當歸拈痛湯]";"含有{name}的方？";;"{"name":"苦參"}"
"herb";"select_one";"[咳血方]";"含有{name}的方？";;"{"name":"海浮石"}"
"herb";"select_one";"[固經丸]";"含有{name}的方？";;"{"name":"椿皮"}"
"herb";"select_one";"[固衝湯]";"含有{name}的方？";;"{"name":"棕櫚炭"}"
"herb";"select_one";"[固衝湯]";"含有{name}的方？";;"{"name":"五倍子"}"
"herb";"select_one";"[安宮牛黃丸]";"含有{name}的方？";;"{"name":"珍珠"}"
"herb";"select_one";"[固衝湯]";"含有{name}的方？";;"{"name":"生黃耆"}"
"herb";"select_one";"[安宮牛黃丸]";"含有{name}的方？";;"{"name":"鬱金"}"
"herb";"select_one";"[真人養臟湯]";"含有{name}的方？";;"{"name":"罌粟殼"}"
"herb";"select_one";"[訶子散]";"含有{name}的方？";;"{"name":"橘紅"}"
"herb";"select_one";"[訶子散]";"含有{name}的方？";;"{"name":"粟米"}"
"herb";"select_one";"[至寶丹]";"含有{name}的方？";;"{"name":"玳瑁"}"
"herb";"select_one";"[至寶丹]";"含有{name}的方？";;"{"name":"銀箔"}"
"herb";"select_one";"[紫雪丹]";"含有{name}的方？";;"{"name":"羚角"}"
"herb";"select_one";"[赤石脂禹餘糧湯]";"含有{name}的方？";;"{"name":"禹餘糧"}"
"herb";"select_one";"[桑螵蛸散]";"含有{name}的方？";;"{"name":"桑螵蛸"}"
"herb";"select_one";"[紫雪丹]";"含有{name}的方？";;"{"name":"硝石"}"
"herb";"select_one";"[紫雪丹]";"含有{name}的方？";;"{"name":"黃金"}"
"herb";"select_one";"[水陸二仙丹]";"含有{name}的方？";;"{"name":"金櫻子"}"
"herb";"select_one";"[金鎖固精丸]";"含有{name}的方？";;"{"name":"蓮肉"}"
"herb";"select_one";"[小兒回春丹]";"含有{name}的方？";;"{"name":"膽南星"}"
"herb";"select_one";"[小兒回春丹]";"含有{name}的方？";;"{"name":"竹黃"}"
"herb";"select_one";"[金鎖固精丸]";"含有{name}的方？";;"{"name":"蓮鬚"}"
"herb";"select_one";"[金鎖固精丸]";"含有{name}的方？";;"{"name":"蒺藜"}"
"herb";"select_one";"[小兒回春丹]";"含有{name}的方？";;"{"name":"白豆蔻"}"
"herb";"select_one";"[蘇合香丸]";"含有{name}的方？";;"{"name":"蘇合香"}"
"herb";"select_one";"[蘇合香丸]";"含有{name}的方？";;"{"name":"蓽蘗"}"
"herb";"select_one";"[牡蠣散]";"含有{name}的方？";;"{"name":"麻黃根"}"
"herb";"select_one";"[栝蔞薤白白酒湯]";"含有{name}的方？";;"{"name":"栝蔞實"}"
"herb";"select_one";"[栝蔞薤白白酒湯]";"含有{name}的方？";;"{"name":"薤白"}"
"herb";"select_one";"[栝蔞薤白白酒湯]";"含有{name}的方？";;"{"name":"白酒"}"
"herb";"select_one";"[蒿芩清膽湯]";"含有{name}的方？";;"{"name":"赤茯苓"}"
"herb";"select_one";"[逍遙散]";"含有{name}的方？";;"{"name":"炮薑"}"
"herb";"select_one";"[橘核丸]";"含有{name}的方？";;"{"name":"橘核"}"
"herb";"select_one";"[陽和湯]";"含有{name}的方？";;"{"name":"薑炭"}"
"herb";"select_one";"[黑錫丹]";"含有{name}的方？";;"{"name":"小茴香"}"
"herb";"select_one";"[黑錫丹]";"含有{name}的方？";;"{"name":"葫蘆巴"}"
"herb";"select_one";"[厚朴溫中湯]";"含有{name}的方？";;"{"name":"草豆蔻"}"
"herb";"select_one";"[黑錫丹]";"含有{name}的方？";;"{"name":"陽起石"}"
"herb";"select_one";"[丁香柿蒂湯]";"含有{name}的方？";;"{"name":"柿蒂"}"
"herb";"select_one";"[橘皮竹茹湯]";"含有{name}的方？";;"{"name":"橘皮"}"
"herb";"select_one";"[旋覆代赭石湯]";"含有{name}的方？";;"{"name":"旋覆花"}"
"herb";"select_one";"[黑錫丹]";"含有{name}的方？";;"{"name":"硫磺"}"
"herb";"select_one";"[黑錫丹]";"含有{name}的方？";;"{"name":"黑錫"}"
"herb";"select_one";"[小建中湯]";"含有{name}的方？";;"{"name":"飴糖"}"
"herb";"select_one";"[鱉甲煎丸]";"含有{name}的方？";;"{"name":"蟅蟲"}"
"herb";"select_one";"[鱉甲煎丸]";"含有{name}的方？";;"{"name":"蜣螂"}"
"herb";"select_one";"[鱉甲煎丸]";"含有{name}的方？";;"{"name":"鼠婦"}"
"herb";"select_one";"[鱉甲煎丸]";"含有{name}的方？";;"{"name":"蜂房"}"
"herb";"select_one";"[鱉甲煎丸]";"含有{name}的方？";;"{"name":"紫葳"}"
"herb";"select_one";"[鱉甲煎丸]";"含有{name}的方？";;"{"name":"葶藶子"}"
"herb";"select_one";"[清骨散]";"含有{name}的方？";;"{"name":"胡黃連"}"
"herb";"select_one";"[鱉甲煎丸]";"含有{name}的方？";;"{"name":"石葦"}"
"herb";"select_one";"[復元活血湯]";"含有{name}的方？";;"{"name":"酒大黃"}"
"herb";"select_one";"[復元活血湯]";"含有{name}的方？";;"{"name":"栝蔞根"}"
"herb";"select_one";"[清骨散]";"含有{name}的方？";;"{"name":"銀柴胡"}"
"herb";"select_one";"[十灰散]";"含有{name}的方？";;"{"name":"大薊"}"
"herb";"select_one";"[白頭翁湯]";"含有{name}的方？";;"{"name":"秦皮"}"
"herb";"select_one";"[白頭翁湯]";"含有{name}的方？";;"{"name":"白頭翁"}"
"herb";"select_one";"[葦莖湯]";"含有{name}的方？";;"{"name":"葦莖"}"
"herb";"select_one";"[十灰散]";"含有{name}的方？";;"{"name":"白茅根"}"
"herb";"select_one";"[十灰散]";"含有{name}的方？";;"{"name":"棕櫚"}"
"herb";"select_one";"[槐花散]";"含有{name}的方？";;"{"name":"槐花"}"
"herb";"select_one";"[小薊飲子]";"含有{name}的方？";;"{"name":"蒲黃"}"
"herb";"select_one";"[小薊飲子]";"含有{name}的方？";;"{"name":"藕節"}"
"herb";"select_one";"[咳血方]";"含有{name}的方？";;"{"name":"栝蔞仁"}"
"herb";"select_one";"[天王補心丹]";"含有{name}的方？";;"{"name":"柏子仁"}"
"herb";"select_one";"[川芎茶調散]";"含有{name}的方？";;"{"name":"茶"}"
"herb";"select_one";"[消風散]";"含有{name}的方？";;"{"name":"蟬蛻"}"
"herb";"select_one";"[導赤散]";"含有{name}的方？";;"{"name":"竹葉水"}"
"herb";"select_one";"[消風散]";"含有{name}的方？";;"{"name":"胡麻"}"
"herb";"select_one";"[仙方活命飲]";"含有{name}的方？";;"{"name":"皂角刺"}"
"herb";"select_one";"[小活絡丹]";"含有{name}的方？";;"{"name":"草烏"}"
"herb";"select_one";"[五味消毒飲]";"含有{name}的方？";;"{"name":"天葵"}"
"herb";"select_one";"[五味消毒飲]";"含有{name}的方？";;"{"name":"紫花地丁"}"
"herb";"select_one";"[五味消毒飲]";"含有{name}的方？";;"{"name":"蒲公英"}"
"herb";"select_one";"[普濟消毒飲]";"含有{name}的方？";;"{"name":"馬勃"}"
"herb";"select_one";"[普濟消毒飲]";"含有{name}的方？";;"{"name":"板藍根"}"
"herb";"select_one";"[七寶美髯丹]";"含有{name}的方？";;"{"name":"何首烏"}"
"herb";"select_one";"[天麻鉤藤飲]";"含有{name}的方？";;"{"name":"益母草"}"
"herb";"select_one";"[天麻鉤藤飲]";"含有{name}的方？";;"{"name":"夜交藤"}"
"herb";"select_one";"[羚羊鉤藤湯]";"含有{name}的方？";;"{"name":"羚羊角"}"
"herb";"select_one";"[地黃飲子]";"含有{name}的方？";;"{"name":"巴戟天"}"
"herb";"select_one";"[益胃湯]";"含有{name}的方？";;"{"name":"冰糖"}"
"herb";"select_one";"[阿膠雞子黃湯]";"含有{name}的方？";;"{"name":"絡石藤"}"
"herb";"select_one";"[桑杏湯]";"含有{name}的方？";;"{"name":"梨皮"}"
"herb";"select_one";"[桑杏湯]";"含有{name}的方？";;"{"name":"梔子皮"}"
"herb";"select_one";"[清燥救肺湯]";"含有{name}的方？";;"{"name":"枇杷葉"}"
"herb";"select_one";"[百合固金湯]";"含有{name}的方？";;"{"name":"百合"}"
"herb";"select_one";"[補肺阿膠湯]";"含有{name}的方？";;"{"name":"糯米"}"
"herb";"select_one";"[補肺阿膠湯]";"含有{name}的方？";;"{"name":"馬兜鈴"}"
"herb";"select_one";"[五皮飲]";"含有{name}的方？";;"{"name":"茯苓皮"}"
"herb";"select_one";"[五皮飲]";"含有{name}的方？";;"{"name":"生薑皮"}"
"herb";"select_one";"[八正散]";"含有{name}的方？";;"{"name":"扁蓄"}"
"herb";"select_one";"[八正散]";"含有{name}的方？";;"{"name":"甘草梢"}"
"herb";"select_one";"[大補陰丸]";"含有{name}的方？";;"{"name":"豬骨髓"}"
"herb";"select_one";"[宣痺湯]";"含有{name}的方？";;"{"name":"蠶砂"}"
"herb";"select_one";"[實脾飲]";"含有{name}的方？";;"{"name":"草果"}"
"herb";"select_one";"[歸脾湯]";"含有{name}的方？";;"{"name":"龍眼"}"
"herb";"select_one";"[萆薢分清飲]";"含有{name}的方？";;"{"name":"萆薢"}"
"herb";"select_one";"[羌活勝濕湯]";"含有{name}的方？";;"{"name":"蒿本"}"
"herb";"select_one";"[導痰湯]";"含有{name}的方？";;"{"name":"南星"}"
"herb";"select_one";"[人參蛤蚧散]";"含有{name}的方？";;"{"name":"蛤蚧"}"
"herb";"select_one";"[指迷茯苓丸]";"含有{name}的方？";;"{"name":"風化硝"}"
"herb";"select_one";"[參苓白朮散]";"含有{name}的方？";;"{"name":"蓮子"}"
"herb";"select_one";"[新加黃龍湯]";"含有{name}的方？";;"{"name":"生薑汁"}"
"herb";"select_one";"[新加黃龍湯]";"含有{name}的方？";;"{"name":"連心"}"
"herb";"select_one";"[礞石滾痰丸]";"含有{name}的方？";;"{"name":"礞石"}"
"herb";"select_one";"[新加黃龍湯]";"含有{name}的方？";;"{"name":"海參"}"
"herb";"select_one";"[冷哮丸]";"含有{name}的方？";;"{"name":"明礬"}"
"herb";"select_one";"[定癇丸]";"含有{name}的方？";;"{"name":"竹瀝"}"
"herb";"select_one";"[定癇丸]";"含有{name}的方？";;"{"name":"燈芯草"}"
"herb";"select_one";"[定癇丸]";"含有{name}的方？";;"{"name":"薑汁"}"
"herb";"select_one";"[止嗽丸]";"含有{name}的方？";;"{"name":"百部"}"
"herb";"select_one";"[止嗽丸]";"含有{name}的方？";;"{"name":"白前"}"
"herb";"select_one";"[舟車丸]";"含有{name}的方？";;"{"name":"輕粉"}"
"herb";"select_one";"[大黃牡丹皮湯]";"含有{name}的方？";;"{"name":"牡丹皮"}"
"herb";"select_one";"[清絡飲]";"含有{name}的方？";;"{"name":"絲瓜皮"}"
"herb";"select_one";"[加減葳蕤湯]";"含有{name}的方？";;"{"name":"白薇"}"
"herb";"select_one";"[清暑益氣湯]";"含有{name}的方？";;"{"name":"荷梗"}"
"herb";"select_one";"[清暑益氣湯]";"含有{name}的方？";;"{"name":"西洋參"}"
"herb";"select_one";"[木香檳榔丸]";"含有{name}的方？";;"{"name":"莪朮"}"
"herb";"select_one";"[加減葳蕤湯]";"含有{name}的方？";;"{"name":"葳蕤"}"
"herb";"select_one";"[肥兒丸]";"含有{name}的方？";;"{"name":"豬膽汁"}"
"herb";"select_one";"[烏梅丸]";"含有{name}的方？";;"{"name":"黨參"}"
"herb";"select_one";"[化蟲丸]";"含有{name}的方？";;"{"name":"鉛粉"}"
"herb";"select_one";"[蔥白七味飲]";"含有{name}的方？";;"{"name":"勞水"}"
"herb";"select_one";"[化蟲丸]";"含有{name}的方？";;"{"name":"鶴虱"}"
"herb";"select_one";"[化蟲丸]";"含有{name}的方？";;"{"name":"苦楝"}"
"herb";"select_one";"[布袋丸]";"含有{name}的方？";;"{"name":"蕪荑"}"
"herb";"select_one";"[布袋丸]";"含有{name}的方？";;"{"name":"夜明砂"}"
"herb";"select_one";"[瓜蒂散]";"含有{name}的方？";;"{"name":"瓜蒂"}"